id,first_name,last_name,email,gender,job_title,amount
1,Dwayne,Pallent,dpallent0@stanford.edu,Male,Research Associate,93521.73
2,Alexandros,Vokes,avokes1@wikispaces.com,Male,Paralegal,27051.92
3,Charita,Camillo,ccamillo2@elpais.com,Female,Desktop Support Technician,59122.73
4,Alfreda,Pettyfer,apettyfer3@github.io,Female,Speech Pathologist,79537.26
5,Manny,Baldacchino,mbaldacchino4@cnet.com,Male,Librarian,75562.8
6,Golda,Kubczak,gkubczak5@telegraph.co.uk,Female,General Manager,38240.69
7,Oliviero,Hadland,ohadland6@yolasite.com,Male,Civil Engineer,28660.49
8,Kermie,Ackred,kackred7@discovery.com,Male,Food Chemist,95316.44
9,Gracia,Sambles,gsambles8@people.com.cn,Female,Recruiting Manager,87144.82
10,Sarah,Antonelli,santonelli9@youtube.com,Female,Desktop Support Technician,32011.69
11,Jayson,Noakes,jnoakesa@ycombinator.com,Male,Editor,71660.23
12,Darcy,Lecount,dlecountb@histats.com,Male,Media Manager I,34892.4
13,Hermon,Haggarth,hhaggarthc@paypal.com,Male,Quality Control Specialist,23313.64
14,Robers,Gorner,rgornerd@angelfire.com,Male,Information Systems Manager,11457.11
15,Annabella,Reddan,areddane@google.com,Female,Programmer Analyst III,95567.05
16,Ermanno,Phillipps,ephillippsf@ucoz.com,Male,Operator,14230.82
17,Panchito,Weaving,pweavingg@nsw.gov.au,Male,Web Developer I,62467.96
18,Richart,Tilberry,rtilberryh@cargocollective.com,Male,Assistant Manager,44161.84
19,Joela,Gaggen,jgaggeni@ycombinator.com,Female,VP Marketing,42457.68
20,Mariejeanne,Dongall,mdongallj@ifeng.com,Female,Computer Systems Analyst II,88037.55
21,Dottie,Dinneen,ddinneenk@edublogs.org,Female,Geologist II,55136.83
22,Stesha,Yushkov,syushkovl@scribd.com,Female,Structural Engineer,41528.17
23,Alejoa,Witter,awitterm@addthis.com,Male,Community Outreach Specialist,62496.96
24,Carola,Munnis,cmunnisn@elpais.com,Female,Assistant Manager,35653.81
25,Jason,Guerra,jguerrao@goo.ne.jp,Male,Clinical Specialist,43701.77
26,Mar,Hatter,mhatterp@microsoft.com,Male,Director of Sales,94661.28
27,Ethelbert,Stanford,estanfordq@ucsd.edu,Male,Quality Engineer,93055.53
28,Sara,Taylder,staylderr@youtu.be,Female,Statistician IV,88317.89
29,Federico,Akitt,fakitts@yandex.ru,Male,Tax Accountant,79231.01
30,Drud,O'Regan,doregant@networkadvertising.org,Male,Structural Analysis Engineer,94377.02
31,Sherwin,Sybe,ssybeu@macromedia.com,Male,Cost Accountant,78355.46
32,Emogene,Maffucci,emaffucciv@nifty.com,Genderfluid,Geologist II,64243.42
33,Linn,Dyball,ldyballw@prnewswire.com,Non-binary,Automation Specialist II,55482.71
34,Callida,Buffham,cbuffhamx@chron.com,Female,Media Manager III,67573.26
35,Fabio,Bere,fberey@latimes.com,Male,Administrative Officer,85545.34
36,Lenora,Holbie,lholbiez@deliciousdays.com,Female,Pharmacist,97459.11
37,Welch,Errichiello,werrichiello10@army.mil,Male,Food Chemist,12270.7
38,Goldie,Jancic,gjancic11@nydailynews.com,Female,,30082.77
39,Loutitia,Ughi,lughi12@ustream.tv,Female,,81768.78
40,Joe,Cardenas,jcardenas13@illinois.edu,Male,Professor,54866.84
41,Donella,Cloney,dcloney14@joomla.org,Female,Legal Assistant,61027.59
42,Feliks,Idwal Evans,fidwalevans15@oracle.com,Male,Editor,21892.41
43,Berenice,McIlvenny,bmcilvenny16@bbc.co.uk,Agender,Dental Hygienist,36326.66
44,Lindie,Wadly,lwadly17@google.nl,Female,Geological Engineer,63285.69
45,Bernardine,Cavey,bcavey18@icio.us,Female,Budget/Accounting Analyst III,64617.59
46,Colman,Whitmell,cwhitmell19@spiegel.de,Male,Librarian,81130.51
47,Dennison,Kells,dkells1a@biblegateway.com,Male,Tax Accountant,33710.07
48,Winona,Dorrance,wdorrance1b@51.la,Female,Assistant Professor,86824.51
49,Ileane,Knifton,iknifton1c@dailymotion.com,Female,Biostatistician II,27703.03
50,Karolina,Barth,kbarth1d@imdb.com,Female,Senior Editor,55432.47
51,Allix,Earlam,aearlam1e@senate.gov,Female,Recruiting Manager,37690.98
52,Jess,Kubista,jkubista1f@bbc.co.uk,Male,Internal Auditor,79152.3
53,Hermione,Mander,hmander1g@rambler.ru,Polygender,Financial Analyst,23348.91
54,Mohandis,Exer,mexer1h@live.com,Male,Tax Accountant,23832.69
55,Gretna,Aronson,garonson1i@chronoengine.com,Female,Chemical Engineer,60803.95
56,Ferguson,McOmish,fmcomish1j@chicagotribune.com,Male,Safety Technician II,34089.37
57,Albina,Gallant,agallant1k@ucoz.com,Female,Environmental Tech,44612.17
58,Patti,Attwoul,pattwoul1l@pcworld.com,Female,GIS Technical Architect,10574.6
59,Daisy,Patriskson,dpatriskson1m@engadget.com,Female,Senior Financial Analyst,20420.61
60,Pierce,Dory,pdory1n@addtoany.com,Genderqueer,Editor,67690.23
61,Nissy,Dounbare,ndounbare1o@nhs.uk,Female,Occupational Therapist,67757.75
62,Andrus,Shatliff,ashatliff1p@csmonitor.com,Non-binary,Account Executive,33744.12
63,Lenka,Roubottom,lroubottom1q@ihg.com,Female,Administrative Assistant IV,84290.95
64,Bear,Scudder,bscudder1r@tuttocitta.it,Male,Help Desk Operator,71872.29
65,Lincoln,Tytterton,ltytterton1s@dot.gov,Male,Administrative Assistant II,25753.66
66,Donny,Brazelton,dbrazelton1t@va.gov,Male,Professor,33270.92
67,Karoly,Gerardot,kgerardot1u@goodreads.com,Male,Programmer II,93715.47
68,Jory,Wattinham,jwattinham1v@purevolume.com,Male,Environmental Tech,42543.71
69,Hugibert,Atley,hatley1w@weibo.com,Male,,84328.77
70,Gerta,Gadd,ggadd1x@bing.com,Female,Business Systems Development Analyst,29622.92
71,Kizzee,Koeppe,kkoeppe1y@sakura.ne.jp,Female,Programmer III,48606.67
72,Katy,Gemmill,kgemmill1z@netvibes.com,Female,Developer II,22397.12
73,Dalli,Corhard,dcorhard20@ftc.gov,Male,Human Resources Assistant II,42637.29
74,Kerry,Maytom,kmaytom21@oakley.com,Male,Internal Auditor,11214.35
75,Cesar,Nuscha,cnuscha22@pbs.org,Male,Speech Pathologist,98502.25
76,Lloyd,Fookes,lfookes23@irs.gov,Male,Teacher,31668.27
77,Lilias,O'Hare,lohare24@github.io,Female,Dental Hygienist,13279.96
78,Aubrette,Bagwell,abagwell25@huffingtonpost.com,Female,Administrative Officer,31504.74
79,Hurlee,Baudichon,hbaudichon26@ustream.tv,Male,Staff Scientist,62435.34
80,Merrily,Etienne,metienne27@soup.io,Genderqueer,Desktop Support Technician,75578.89
81,Eberto,Bradbrook,ebradbrook28@acquirethisname.com,Male,Media Manager III,75564.65
82,Peggy,Ault,pault29@123-reg.co.uk,Female,Registered Nurse,32167.46
83,Pavel,Cripps,pcripps2a@ucla.edu,Male,Assistant Professor,87962.33
84,Penelope,Look,plook2b@weebly.com,Female,VP Product Management,81577.44
85,Daniel,Linning,dlinning2c@yellowpages.com,Male,Administrative Assistant III,93569.1
86,Cecelia,Redwood,credwood2d@istockphoto.com,Female,Administrative Assistant I,85940.05
87,Sauncho,Stapford,sstapford2e@hao123.com,Male,Associate Professor,24079.82
88,Duky,Henriquet,dhenriquet2f@prlog.org,Male,Software Engineer III,82842.35
89,August,Trebilcock,atrebilcock2g@yolasite.com,Male,Chief Design Engineer,90501.48
90,Raoul,Hurne,rhurne2h@nbcnews.com,Male,Senior Developer,94785.04
91,Tate,Giacomazzo,tgiacomazzo2i@bandcamp.com,Female,Environmental Tech,73181.46
92,Sherry,Jago,sjago2j@buzzfeed.com,Female,Senior Editor,65709.65
93,Farrah,Hance,fhance2k@virginia.edu,Female,Computer Systems Analyst III,50743.55
94,Regan,Fulger,rfulger2l@t-online.de,Male,Accounting Assistant IV,82032.21
95,Nikola,Stooke,nstooke2m@nhs.uk,Polygender,Geologist I,28664.29
96,Lucian,Biagi,lbiagi2n@economist.com,Male,Project Manager,81555.49
97,Chantalle,Fazan,cfazan2o@japanpost.jp,Genderqueer,Web Designer II,76692.53
98,Lyndel,Salazar,lsalazar2p@studiopress.com,Female,GIS Technical Architect,24536.32
99,Curtis,Snoddy,csnoddy2q@i2i.jp,Male,Occupational Therapist,12519.77
100,Morse,Simmank,msimmank2r@drupal.org,Male,Mechanical Systems Engineer,44811.76
